{
    "parent": "minecraft:item/generated",
    "textures": {
        "layer0": "minecraft:item/elytra"
    },
    "overrides": [
        {
            "predicate": {
                "custom_model_data": 1
            },
            "model": "abbys_armored_elytra:item/chainmail_elytra"
        },
        {
            "predicate": {
                "custom_model_data": 2
            },
            "model": "abbys_armored_elytra:item/diamond_elytra"
        },
        {
            "predicate": {
                "custom_model_data": 3
            },
            "model": "abbys_armored_elytra:item/golden_elytra"
        },
        {
            "predicate": {
                "custom_model_data": 4
            },
            "model": "abbys_armored_elytra:item/iron_elytra"
        },
        {
            "predicate": {
                "custom_model_data": 5
            },
            "model": "abbys_armored_elytra:item/leather_elytra"
        },
        {
            "predicate": {
                "custom_model_data": 6
            },
            "model": "abbys_armored_elytra:item/netherite_elytra"
        }
    ]
}